{
  "data": [
    {
      "bookingId": "#1001",
      "carName": "Ferrari 458 MM Speciale",
      "deliveryStatus": "Delivery",
      "rentalType": "Hourly",
      "pickupDeliveryLocation1": "45, Avenue ,Mark Street,",
      "pickupDeliveryLocation2": "USA 15 Sep 2023, 09:30 AM",
      "dropoffLocation1": "21, Avenue, Windham",
      "dropoffLocation2": "USA 15 Sep 2023, 11:30 AM",
      "bookedOn": "15 Sep 2023, 09:00 AM",
      "total": "$300",
      "status": "Upcoming",
      "img": "assets/img/cars/car-04.jpg"
    },
    {
      "bookingId": "#1007",
      "carName": "Toyota Tacoma 4WD",
      "deliveryStatus": "Delivery",
      "rentalType": "Monthly",
      "pickupDeliveryLocation1": "41 Duke Lane, Branchburg",
      "pickupDeliveryLocation2": "15 Dec 2023, 04:30 PM",
      "dropoffLocation1": "80 Glory Road",
      "dropoffLocation2": "Nashville 15 Jan 2024, 04:30 PM",
      "bookedOn": "02 Nov 2023, 07:30 AM",
      "total": "$1000",
      "status": "Upcoming",
      "img": "assets/img/cars/car-08.jpg"
    }
  ],
  "totalData": 2
}
